"18","8","Mr. Edwin Hoppe IV","","2020-09-09T17:17:17.000000Z","2020-09-09T17:17:17.000000Z"
"17","7","Lavina Prohaska II","","2020-09-09T17:17:17.000000Z","2020-09-09T17:17:17.000000Z"
"16","6","Braeden Altenwerth","","2020-09-09T17:17:17.000000Z","2020-09-09T17:17:17.000000Z"
"15","5","Elinor Rempel","","2020-09-09T17:17:17.000000Z","2020-09-09T17:17:17.000000Z"
"14","4","Madeline Lowe","","2020-09-09T17:17:17.000000Z","2020-09-09T17:17:17.000000Z"
"13","3","Miss Angeline Hilpert","","2020-09-09T17:17:17.000000Z","2020-09-09T17:17:17.000000Z"
"12","2","Dr. Blake Dare V","","2020-09-09T17:17:16.000000Z","2020-09-09T17:17:16.000000Z"
"11","1","Katharina Deckow","","2020-09-09T17:17:16.000000Z","2020-09-09T17:17:16.000000Z"
"19","9","Theron Bartoletti","","2020-09-09T17:17:17.000000Z","2020-09-09T17:17:17.000000Z"
"20","10","Rowland Parker","","2020-09-09T17:17:17.000000Z","2020-09-09T17:17:17.000000Z"
"21","11","Annette Cole I","","2020-09-09T17:17:17.000000Z","2020-09-09T17:17:17.000000Z"
"22","12","Jairo Olson","","2020-09-09T17:17:17.000000Z","2020-09-09T17:17:17.000000Z"
"23","13","Dr. Alisha Deckow","","2020-09-09T17:17:17.000000Z","2020-09-09T17:17:17.000000Z"
"24","14","Miss Felicita Hoeger Sr.","","2020-09-09T17:17:17.000000Z","2020-09-09T17:17:17.000000Z"
"25","15","Marcel Terry II","","2020-09-09T17:17:17.000000Z","2020-09-09T17:17:17.000000Z"
"26","16","Bo Heaney V","","2020-09-09T17:17:17.000000Z","2020-09-09T17:17:17.000000Z"
"27","17","Jazlyn Greenfelder","","2020-09-09T17:17:17.000000Z","2020-09-09T17:17:17.000000Z"
"28","18","Arden Hilpert I","","2020-09-09T17:17:17.000000Z","2020-09-09T17:17:17.000000Z"
"29","19","Norma Greenfelder","","2020-09-09T17:17:17.000000Z","2020-09-09T17:17:17.000000Z"
"30","20","Ms. Sadye Powlowski MD","","2020-09-09T17:17:18.000000Z","2020-09-09T17:17:18.000000Z"
"31","21","Miss Nella Durgan Sr.","","2020-09-09T17:17:18.000000Z","2020-09-09T17:17:18.000000Z"
"32","22","Raheem Luettgen","","2020-09-09T17:17:18.000000Z","2020-09-09T17:17:18.000000Z"
"33","23","Braxton Dare","","2020-09-09T17:17:18.000000Z","2020-09-09T17:17:18.000000Z"
"34","24","Dr. Geoffrey Dare V","","2020-09-09T17:17:18.000000Z","2020-09-09T17:17:18.000000Z"
"35","25","Mohammad Pfannerstill","","2020-09-09T17:17:18.000000Z","2020-09-09T17:17:18.000000Z"
"36","26","Mr. Wade Lebsack","","2020-09-09T17:17:18.000000Z","2020-09-09T17:17:18.000000Z"
"37","27","Ransom Tremblay","","2020-09-09T17:17:18.000000Z","2020-09-09T17:17:18.000000Z"
"38","28","Mallory Kohler","","2020-09-09T17:17:18.000000Z","2020-09-09T17:17:18.000000Z"
"39","29","Janice Rowe","","2020-09-09T17:17:18.000000Z","2020-09-09T17:17:18.000000Z"
"40","30","Dr. Delaney Herman","","2020-09-09T17:17:18.000000Z","2020-09-09T17:17:18.000000Z"
"41","31","Dr. Mitchel Langworth I","","2020-09-09T17:17:18.000000Z","2020-09-09T17:17:18.000000Z"
"42","32","Mrs. Polly Boyer","","2020-09-09T17:17:18.000000Z","2020-09-09T17:17:18.000000Z"
"43","33","Gladys Labadie","","2020-09-09T17:17:18.000000Z","2020-09-09T17:17:18.000000Z"
"44","34","Mr. Tatum Barton DVM","","2020-09-09T17:17:18.000000Z","2020-09-09T17:17:18.000000Z"
"45","35","Miss Bettie Mueller Sr.","","2020-09-09T17:17:18.000000Z","2020-09-09T17:17:18.000000Z"
"46","36","Velva Abbott III","","2020-09-09T17:17:18.000000Z","2020-09-09T17:17:18.000000Z"
"47","37","Jazmyne Boehm III","","2020-09-09T17:17:18.000000Z","2020-09-09T17:17:18.000000Z"
"48","38","Britney Doyle III","","2020-09-09T17:17:19.000000Z","2020-09-09T17:17:19.000000Z"
"49","39","Dr. Lawson Koepp I","","2020-09-09T17:17:19.000000Z","2020-09-09T17:17:19.000000Z"
"50","40","Prof. Jeremy Kemmer","","2020-09-09T17:17:19.000000Z","2020-09-09T17:17:19.000000Z"
"51","41","Syble Bailey","","2020-09-09T17:17:19.000000Z","2020-09-09T17:17:19.000000Z"
"52","42","Elisabeth Nolan","","2020-09-09T17:17:19.000000Z","2020-09-09T17:17:19.000000Z"
"53","43","Jasmin Wisozk","","2020-09-09T17:17:19.000000Z","2020-09-09T17:17:19.000000Z"
"54","44","Jesse White","","2020-09-09T17:17:19.000000Z","2020-09-09T17:17:19.000000Z"
"55","45","Aiyana Herzog","","2020-09-09T17:17:19.000000Z","2020-09-09T17:17:19.000000Z"
"56","46","Tavares Pouros","","2020-09-09T17:17:19.000000Z","2020-09-09T17:17:19.000000Z"
"57","47","Alicia Swift","","2020-09-09T17:17:19.000000Z","2020-09-09T17:17:19.000000Z"
"58","48","Judd Carter","","2020-09-09T17:17:19.000000Z","2020-09-09T17:17:19.000000Z"
"59","49","Magdalen Lemke","","2020-09-09T17:17:19.000000Z","2020-09-09T17:17:19.000000Z"
"60","50","Mr. Marques Hayes DDS","","2020-09-09T17:17:19.000000Z","2020-09-09T17:17:19.000000Z"
"61","51","Prof. Jazmin Koss DVM","","2020-09-09T17:17:19.000000Z","2020-09-09T17:17:19.000000Z"
"62","52","Merritt Miller","","2020-09-09T17:17:19.000000Z","2020-09-09T17:17:19.000000Z"
"63","53","Jace Howe","","2020-09-09T17:17:19.000000Z","2020-09-09T17:17:19.000000Z"
"64","54","Stephen Kautzer MD","","2020-09-09T17:17:19.000000Z","2020-09-09T17:17:19.000000Z"
"65","55","Norris Paucek","","2020-09-09T17:17:20.000000Z","2020-09-09T17:17:20.000000Z"
"66","56","Dr. Ibrahim Harvey DDS","","2020-09-09T17:17:20.000000Z","2020-09-09T17:17:20.000000Z"
"67","57","Fern Ondricka","","2020-09-09T17:17:20.000000Z","2020-09-09T17:17:20.000000Z"
"68","58","Mrs. Janiya Goodwin","","2020-09-09T17:17:20.000000Z","2020-09-09T17:17:20.000000Z"
"69","59","Ms. Elenora Bins I","","2020-09-09T17:17:20.000000Z","2020-09-09T17:17:20.000000Z"
"70","60","Ms. Kariane Carroll MD","","2020-09-09T17:17:20.000000Z","2020-09-09T17:17:20.000000Z"
"71","61","Miss Brianne Murray","","2020-09-09T17:17:20.000000Z","2020-09-09T17:17:20.000000Z"
"72","62","Mrs. Myrtie Rosenbaum","","2020-09-09T17:17:20.000000Z","2020-09-09T17:17:20.000000Z"
"73","63","Adrien Blanda","","2020-09-09T17:17:20.000000Z","2020-09-09T17:17:20.000000Z"
"74","64","Mr. Tom Watsica","","2020-09-09T17:17:20.000000Z","2020-09-09T17:17:20.000000Z"
"75","65","Prof. Enos Emard II","","2020-09-09T17:17:20.000000Z","2020-09-09T17:17:20.000000Z"
"76","66","Zoila Stark Sr.","","2020-09-09T17:17:20.000000Z","2020-09-09T17:17:20.000000Z"
"77","67","Prof. Stevie Huel","","2020-09-09T17:17:20.000000Z","2020-09-09T17:17:20.000000Z"
"78","68","Mr. Donato Williamson MD","","2020-09-09T17:17:20.000000Z","2020-09-09T17:17:20.000000Z"
"79","69","Christian Howell","","2020-09-09T17:17:20.000000Z","2020-09-09T17:17:20.000000Z"
"80","70","Evangeline Schmeler III","","2020-09-09T17:17:20.000000Z","2020-09-09T17:17:20.000000Z"
"81","71","Chesley Sawayn","","2020-09-09T17:17:20.000000Z","2020-09-09T17:17:20.000000Z"
"82","72","Zoey Block IV","","2020-09-09T17:17:21.000000Z","2020-09-09T17:17:21.000000Z"
"83","73","Ms. Delores Powlowski","","2020-09-09T17:17:21.000000Z","2020-09-09T17:17:21.000000Z"
"84","74","Wilford Goyette Sr.","","2020-09-09T17:17:21.000000Z","2020-09-09T17:17:21.000000Z"
"85","75","Heaven Friesen Jr.","","2020-09-09T17:17:21.000000Z","2020-09-09T17:17:21.000000Z"
"86","76","Mustafa Botsford","","2020-09-09T17:17:21.000000Z","2020-09-09T17:17:21.000000Z"
"87","77","Myah Kuhlman","","2020-09-09T17:17:21.000000Z","2020-09-09T17:17:21.000000Z"
"88","78","Avery Mohr","","2020-09-09T17:17:21.000000Z","2020-09-09T17:17:21.000000Z"
"89","79","Dr. Benton Osinski Sr.","","2020-09-09T17:17:21.000000Z","2020-09-09T17:17:21.000000Z"
"90","80","Prof. Jon Upton","","2020-09-09T17:17:21.000000Z","2020-09-09T17:17:21.000000Z"
"91","81","Linnea Considine V","","2020-09-09T17:17:21.000000Z","2020-09-09T17:17:21.000000Z"
"92","82","Mrs. Trinity Cormier","","2020-09-09T17:17:21.000000Z","2020-09-09T17:17:21.000000Z"
"93","83","Maia Hayes","","2020-09-09T17:17:21.000000Z","2020-09-09T17:17:21.000000Z"
"94","84","Prof. Garnett Hoeger","","2020-09-09T17:17:21.000000Z","2020-09-09T17:17:21.000000Z"
"95","85","Maximo Swaniawski","","2020-09-09T17:17:21.000000Z","2020-09-09T17:17:21.000000Z"
"96","86","Columbus Berge","","2020-09-09T17:17:21.000000Z","2020-09-09T17:17:21.000000Z"
"97","87","Nichole Maggio","","2020-09-09T17:17:21.000000Z","2020-09-09T17:17:21.000000Z"
"98","88","Mona Gerlach MD","","2020-09-09T17:17:21.000000Z","2020-09-09T17:17:21.000000Z"
"99","89","Adalberto Franecki","","2020-09-09T17:17:22.000000Z","2020-09-09T17:17:22.000000Z"
"100","90","Garry Konopelski","","2020-09-09T17:17:22.000000Z","2020-09-09T17:17:22.000000Z"
"101","91","Eleanora Kuphal Sr.","","2020-09-09T17:17:22.000000Z","2020-09-09T17:17:22.000000Z"
"102","92","Dr. Dale Kohler III","","2020-09-09T17:17:22.000000Z","2020-09-09T17:17:22.000000Z"
"103","93","Dr. Coleman Schowalter","","2020-09-09T17:17:22.000000Z","2020-09-09T17:17:22.000000Z"
"104","94","Alysa Gleichner","","2020-09-09T17:17:22.000000Z","2020-09-09T17:17:22.000000Z"
"105","95","Ms. Ona Bernhard","","2020-09-09T17:17:22.000000Z","2020-09-09T17:17:22.000000Z"
"106","96","Lance Schuppe","","2020-09-09T17:17:22.000000Z","2020-09-09T17:17:22.000000Z"
"107","97","Helena Keebler","","2020-09-09T17:17:22.000000Z","2020-09-09T17:17:22.000000Z"
"108","98","Benedict Schumm Jr.","","2020-09-09T17:17:22.000000Z","2020-09-09T17:17:22.000000Z"
"109","99","Celia Okuneva","","2020-09-09T17:17:22.000000Z","2020-09-09T17:17:22.000000Z"
"110","100","Dr. Esperanza Zulauf II","","2020-09-09T17:17:22.000000Z","2020-09-09T17:17:22.000000Z"
"111","101","Braden Vandervort IV","","2020-09-09T17:17:22.000000Z","2020-09-09T17:17:22.000000Z"
"112","102","Coby Franecki","","2020-09-09T17:17:22.000000Z","2020-09-09T17:17:22.000000Z"
"113","103","Stanton Roob","","2020-09-09T17:17:22.000000Z","2020-09-09T17:17:22.000000Z"
"114","104","Mr. Ewell Nitzsche DDS","","2020-09-09T17:17:22.000000Z","2020-09-09T17:17:22.000000Z"
"115","105","Linnie Cummings","","2020-09-09T17:17:22.000000Z","2020-09-09T17:17:22.000000Z"
"116","106","Reese White","","2020-09-09T17:17:22.000000Z","2020-09-09T17:17:22.000000Z"
"117","107","Carley Abbott","","2020-09-09T17:17:23.000000Z","2020-09-09T17:17:23.000000Z"
"118","108","Gabriella Zboncak","","2020-09-09T17:17:23.000000Z","2020-09-09T17:17:23.000000Z"
"119","109","Mrs. Karli Haley","","2020-09-09T17:17:23.000000Z","2020-09-09T17:17:23.000000Z"
"120","110","Leonard Kuphal","","2020-09-09T17:17:23.000000Z","2020-09-09T17:17:23.000000Z"
"121","111","Leland Mosciski","","2020-09-09T17:17:23.000000Z","2020-09-09T17:17:23.000000Z"
"122","112","Desiree Legros","","2020-09-09T17:17:23.000000Z","2020-09-09T17:17:23.000000Z"
"123","113","Dejuan Ullrich","","2020-09-09T17:17:23.000000Z","2020-09-09T17:17:23.000000Z"
"124","114","Mrs. Maybell Brown","","2020-09-09T17:17:23.000000Z","2020-09-09T17:17:23.000000Z"
"125","115","Roberto Ernser","","2020-09-09T17:17:23.000000Z","2020-09-09T17:17:23.000000Z"
"126","116","Miss Laila Glover Jr.","","2020-09-09T17:17:23.000000Z","2020-09-09T17:17:23.000000Z"
"127","117","Beth Miller III","","2020-09-09T17:17:23.000000Z","2020-09-09T17:17:23.000000Z"
"128","118","Nikko Parisian","","2020-09-09T17:17:23.000000Z","2020-09-09T17:17:23.000000Z"
"129","119","Nathen Stroman","","2020-09-09T17:17:23.000000Z","2020-09-09T17:17:23.000000Z"
"130","120","Jessy Moen","","2020-09-09T17:17:23.000000Z","2020-09-09T17:17:23.000000Z"
"131","121","Idell Willms","","2020-09-09T17:17:23.000000Z","2020-09-09T17:17:23.000000Z"
"132","122","Dr. Johnson Mills DDS","","2020-09-09T17:17:23.000000Z","2020-09-09T17:17:23.000000Z"
"133","123","Dr. Lonzo Durgan Sr.","","2020-09-09T17:17:23.000000Z","2020-09-09T17:17:23.000000Z"
"134","124","Kaylee West","","2020-09-09T17:17:24.000000Z","2020-09-09T17:17:24.000000Z"
"135","125","Kaya Conroy III","","2020-09-09T17:17:24.000000Z","2020-09-09T17:17:24.000000Z"
"136","126","Edwina Marvin IV","","2020-09-09T17:17:24.000000Z","2020-09-09T17:17:24.000000Z"
"137","127","Kallie Crona","","2020-09-09T17:17:24.000000Z","2020-09-09T17:17:24.000000Z"
"138","128","Logan Sanford","","2020-09-09T17:17:24.000000Z","2020-09-09T17:17:24.000000Z"
"139","129","Hope Gibson PhD","","2020-09-09T17:17:24.000000Z","2020-09-09T17:17:24.000000Z"
"140","130","Prof. Mandy Wunsch","","2020-09-09T17:17:24.000000Z","2020-09-09T17:17:24.000000Z"
"141","131","Frances Renner","","2020-09-09T17:17:24.000000Z","2020-09-09T17:17:24.000000Z"
"142","132","Rosetta Kuhlman III","","2020-09-09T17:17:24.000000Z","2020-09-09T17:17:24.000000Z"
"143","133","Fredrick Padberg","","2020-09-09T17:17:24.000000Z","2020-09-09T17:17:24.000000Z"
"144","134","Miss Daniella Ferry","","2020-09-09T17:17:24.000000Z","2020-09-09T17:17:24.000000Z"
"145","135","Faye Rutherford","","2020-09-09T17:17:24.000000Z","2020-09-09T17:17:24.000000Z"
"146","136","Alvina Kuhlman","","2020-09-09T17:17:24.000000Z","2020-09-09T17:17:24.000000Z"
"147","137","Evan Stoltenberg","","2020-09-09T17:17:24.000000Z","2020-09-09T17:17:24.000000Z"
"148","138","Octavia Emard III","","2020-09-09T17:17:24.000000Z","2020-09-09T17:17:24.000000Z"
"149","139","Mrs. Meaghan Considine","","2020-09-09T17:17:24.000000Z","2020-09-09T17:17:24.000000Z"
"150","140","Rhoda Swaniawski DVM","","2020-09-09T17:17:24.000000Z","2020-09-09T17:17:24.000000Z"
"151","141","Alexis Yundt V","","2020-09-09T17:17:25.000000Z","2020-09-09T17:17:25.000000Z"
"152","142","Dr. Aron Goyette","","2020-09-09T17:17:25.000000Z","2020-09-09T17:17:25.000000Z"
"153","143","Drew Adams","","2020-09-09T17:17:25.000000Z","2020-09-09T17:17:25.000000Z"
"154","144","Nasir Kuhn","","2020-09-09T17:17:25.000000Z","2020-09-09T17:17:25.000000Z"
"155","145","Mariano Jenkins","","2020-09-09T17:17:25.000000Z","2020-09-09T17:17:25.000000Z"
"156","146","Mrs. Mary Brakus","","2020-09-09T17:17:25.000000Z","2020-09-09T17:17:25.000000Z"
"157","147","Lucas Grant","","2020-09-09T17:17:25.000000Z","2020-09-09T17:17:25.000000Z"
"158","148","Shanel Stiedemann III","","2020-09-09T17:17:25.000000Z","2020-09-09T17:17:25.000000Z"
"159","149","Prof. Elijah Hodkiewicz","","2020-09-09T17:17:25.000000Z","2020-09-09T17:17:25.000000Z"
"160","150","Izaiah Sanford","","2020-09-09T17:17:25.000000Z","2020-09-09T17:17:25.000000Z"
"161","151","Isabella Hoeger","","2020-09-09T17:17:25.000000Z","2020-09-09T17:17:25.000000Z"
"162","152","Ruben Toy PhD","","2020-09-09T17:17:25.000000Z","2020-09-09T17:17:25.000000Z"
"163","153","Nayeli Swift","","2020-09-09T17:17:25.000000Z","2020-09-09T17:17:25.000000Z"
"164","154","Mrs. Ima King","","2020-09-09T17:17:25.000000Z","2020-09-09T17:17:25.000000Z"
"165","155","Braden Rosenbaum","","2020-09-09T17:17:25.000000Z","2020-09-09T17:17:25.000000Z"
"166","156","Anika Hartmann","","2020-09-09T17:17:25.000000Z","2020-09-09T17:17:25.000000Z"
"167","157","Kay Rau","","2020-09-09T17:17:25.000000Z","2020-09-09T17:17:25.000000Z"
"168","158","Hilda Hammes","","2020-09-09T17:17:25.000000Z","2020-09-09T17:17:25.000000Z"
"169","159","Mr. Oda Beahan IV","","2020-09-09T17:17:26.000000Z","2020-09-09T17:17:26.000000Z"
"170","160","Theodora Jacobson","","2020-09-09T17:17:26.000000Z","2020-09-09T17:17:26.000000Z"
"171","161","Gillian Volkman","","2020-09-09T17:17:26.000000Z","2020-09-09T17:17:26.000000Z"
"172","162","Layla Stanton DDS","","2020-09-09T17:17:26.000000Z","2020-09-09T17:17:26.000000Z"
"173","163","Evans Torphy","","2020-09-09T17:17:26.000000Z","2020-09-09T17:17:26.000000Z"
"174","164","Francisco Turcotte III","","2020-09-09T17:17:26.000000Z","2020-09-09T17:17:26.000000Z"
"175","165","Kaleb Haag","","2020-09-09T17:17:26.000000Z","2020-09-09T17:17:26.000000Z"
"176","166","Dr. Geovanny Metz","","2020-09-09T17:17:26.000000Z","2020-09-09T17:17:26.000000Z"
"177","167","Maryse Cormier","","2020-09-09T17:17:26.000000Z","2020-09-09T17:17:26.000000Z"
"178","168","Dr. Stuart McDermott DVM","","2020-09-09T17:17:26.000000Z","2020-09-09T17:17:26.000000Z"
"179","169","Orland Gibson","","2020-09-09T17:17:26.000000Z","2020-09-09T17:17:26.000000Z"
"180","170","Lorenzo Skiles","","2020-09-09T17:17:26.000000Z","2020-09-09T17:17:26.000000Z"
"181","171","Hattie Fadel","","2020-09-09T17:17:26.000000Z","2020-09-09T17:17:26.000000Z"
"182","172","Jimmie Kovacek","","2020-09-09T17:17:26.000000Z","2020-09-09T17:17:26.000000Z"
"183","173","Dr. Dillan O'Keefe","","2020-09-09T17:17:26.000000Z","2020-09-09T17:17:26.000000Z"
"184","174","Prof. Prince Leuschke Sr.","","2020-09-09T17:17:26.000000Z","2020-09-09T17:17:26.000000Z"
"185","175","Matteo Keebler","","2020-09-09T17:17:26.000000Z","2020-09-09T17:17:26.000000Z"
"186","176","Elizabeth Langworth","","2020-09-09T17:17:27.000000Z","2020-09-09T17:17:27.000000Z"
"187","177","Mrs. Shakira Parisian","","2020-09-09T17:17:27.000000Z","2020-09-09T17:17:27.000000Z"
"188","178","Hildegard Hamill","","2020-09-09T17:17:27.000000Z","2020-09-09T17:17:27.000000Z"
"189","179","Emely Towne","","2020-09-09T17:17:27.000000Z","2020-09-09T17:17:27.000000Z"
"190","180","Chance Tromp","","2020-09-09T17:17:27.000000Z","2020-09-09T17:17:27.000000Z"
"191","181","Chanel Fahey","","2020-09-09T17:17:27.000000Z","2020-09-09T17:17:27.000000Z"
"192","182","Prof. Estell Simonis","","2020-09-09T17:17:27.000000Z","2020-09-09T17:17:27.000000Z"
"193","183","Raymond Gleason","","2020-09-09T17:17:27.000000Z","2020-09-09T17:17:27.000000Z"
"194","184","Linnea Gutmann","","2020-09-09T17:17:27.000000Z","2020-09-09T17:17:27.000000Z"
"195","185","Christiana Wehner","","2020-09-09T17:17:27.000000Z","2020-09-09T17:17:27.000000Z"
"196","186","Stella Streich","","2020-09-09T17:17:27.000000Z","2020-09-09T17:17:27.000000Z"
"197","187","Alessandro McDermott","","2020-09-09T17:17:27.000000Z","2020-09-09T17:17:27.000000Z"
"198","188","Miss Ernestine Marks I","","2020-09-09T17:17:27.000000Z","2020-09-09T17:17:27.000000Z"
"199","189","Celestine Cummings","","2020-09-09T17:17:27.000000Z","2020-09-09T17:17:27.000000Z"
"200","190","Mrs. Bert Sipes III","","2020-09-09T17:17:27.000000Z","2020-09-09T17:17:27.000000Z"
"201","191","Ms. Virginie Stoltenberg Jr.","","2020-09-09T17:17:27.000000Z","2020-09-09T17:17:27.000000Z"
"202","192","Mathew Marks","","2020-09-09T17:17:27.000000Z","2020-09-09T17:17:27.000000Z"
"203","193","Doris Hettinger","","2020-09-09T17:17:28.000000Z","2020-09-09T17:17:28.000000Z"
"204","194","Earl Watsica","","2020-09-09T17:17:28.000000Z","2020-09-09T17:17:28.000000Z"
"205","195","Dr. Patience Koelpin IV","","2020-09-09T17:17:28.000000Z","2020-09-09T17:17:28.000000Z"
"206","196","Ms. Ethelyn Stark V","","2020-09-09T17:17:28.000000Z","2020-09-09T17:17:28.000000Z"
"207","197","Ms. Jalyn Ebert Jr.","","2020-09-09T17:17:28.000000Z","2020-09-09T17:17:28.000000Z"
"208","198","Ezra Rutherford","","2020-09-09T17:17:28.000000Z","2020-09-09T17:17:28.000000Z"
"209","199","Carmel Macejkovic","","2020-09-09T17:17:28.000000Z","2020-09-09T17:17:28.000000Z"
"210","200","Austin Smitham","","2020-09-09T17:17:28.000000Z","2020-09-09T17:17:28.000000Z"
